episode_seed,reward,episode_length,crashed,mean_speed
4000,4.959018187143877,6,1,27.01302759087282
4001,9.277194032883125,10,1,29.896944996963292
4002,7.9590122436400925,9,1,28.608696453719876
