episode_seed,reward,episode_length,crashed,mean_speed
4000,2.395910266581573,4,1,21.480997715282747
4001,22.436183461075224,30,0,22.36768500174181
4002,14.976262214357712,19,1,25.408726219391784
