{
  "observation_mode": "kinematics",
  "train_seed": 123,
  "num_eval_episodes": 3,
  "mean_reward": 13.269451980671503,
  "reward_std": 8.269947130336734,
  "reward_median": 14.976262214357712,
  "crash_rate": 0.6666666666666666,
  "mean_episode_length": 17.666666666666668,
  "mean_speed": 23.085802978805447
}
